{"initial_reset_timestamp": 1623669987.8347247, "timestamps": [1623670217.22201], "episode_lengths": [18], "episode_rewards": [0.9746875], "episode_rewards_": [[0, 0, 0, 0, 0, 0, 0, 0, 0, 0, 0, 0, 0, 0, 0, 0, 0, 0.9746875]], "episode_seeds": [42], "episode_types": ["t"]}